year,price_mm_usd_carbon_per_mt
2015,10.832062351286798
2016,10.350295535360084
2017,11.77058621702017
2018,10.851809852303282
2019,10.964754762150534
2020,11.37771208628211
2021,11.097464943197773
2022,11.588752919999873
2023,10.590804542222273
2024,11.577562918310873
2025,11.730478255864659
2026,11.669638322463515
2027,11.429033612572992
2028,11.150626930250837
2029,11.713854555421754
2030,10.702584664077087
2031,12.26073333923786
2032,11.65461986818139
2033,11.513090782939752
2034,11.619332143814505
2035,11.399218296857457
2036,11.18643624720954
2037,11.790626460532494
2038,11.15340834272495
2039,10.8921430351343
2040,11.454276834888894
2041,10.812916097776453
2042,11.159722658939842
2043,10.969494097067663
2044,11.667857249208618
2045,10.990106905524609
2046,11.091050972110477
2047,10.42300284196407
2048,11.145349276778086
2049,11.5759640547902
2050,10.93566333079393
