emission_groups,sisepuede_fields
Agriculture,emission_co2e_subsector_total_agrc
Carbon Capture and Sequestration,emission_co2e_subsector_total_ccsq
Energy Technology,emission_co2e_subsector_total_entc
Fugitive Emissions,emission_co2e_subsector_total_fgtv
Forest,emission_co2e_subsector_total_frst
Industrial Energy,emission_co2e_subsector_total_inen
IPPU,emission_co2e_subsector_total_ippu
Land Use,emission_co2e_subsector_total_lndu
Livestock Manure Management,emission_co2e_subsector_total_lsmm
Livestock,emission_co2e_subsector_total_lvst
Stationary Combustion and Other Energy,emission_co2e_subsector_total_scoe
Soil Management,emission_co2e_subsector_total_soil
Transportation,emission_co2e_subsector_total_trns
Wastewater Treatment,emission_co2e_subsector_total_trww
Solid Waste,emission_co2e_subsector_total_waso
