year,emission_groups,target_mt_co2e_ndc2
2030,Agriculture,11.275080842226268
2030,Carbon Capture and Sequestration,0.0
2030,Energy Technology,114.09129193228398
2030,Fugitive Emissions,6.168731110203102
2030,Forest,-0.1325692042004669
2030,Industrial Energy,55.29395454615595
2030,IPPU,43.42145864045726
2030,Land Use,6.18482213622186
2030,Livestock Manure Management,5.631397989590769
2030,Livestock,17.053831314652502
2030,Stationary Combustion and Other Energy,23.313168559642104
2030,Soil Management,25.570198088111024
2030,Transportation,89.23948902521343
2030,Wastewater Treatment,17.87957104317156
2030,Solid Waste,22.44119943997566
2035,Agriculture,13.259308488860283
2035,Carbon Capture and Sequestration,0.0
2035,Energy Technology,117.67949982663012
2035,Fugitive Emissions,5.150564851139669
2035,Forest,-0.16127957367264903
2035,Industrial Energy,56.89451681364154
2035,IPPU,39.81569841825207
2035,Land Use,7.972799860518562
2035,Livestock Manure Management,6.083000649912132
2035,Livestock,18.07477058614986
2035,Stationary Combustion and Other Energy,22.679045631862042
2035,Soil Management,32.820936230562495
2035,Transportation,110.09426598023617
2035,Wastewater Treatment,18.51495752925674
2035,Solid Waste,23.818853579318667
